{"cameraMode":{"drawMode":0,"name":"Shaded","section":"Shading Mode"},"sceneLighting":true,"audioPlay":false,"sceneViewState":{"m_AlwaysRefresh":false,"showFog":true,"showSkybox":true,"showFlares":true,"showImageEffects":true,"showParticleSystems":true,"showVisualEffectGraphs":true,"m_FxEnabled":true},"in2DMode":false,"pivot":{"x":-5.0953874588012699,"y":-7.972133159637451,"z":-4.967639923095703},"rotation":{"x":0.7113333940505981,"y":0.0021085510961711408,"z":-0.0021340053062886,"w":0.7028481364250183},"size":16.228748321533204,"orthographic":true}